name,country,tier,fact,source,hook,lon,lat,esri_name,esri_country,times_used,last_rendered,notes
New York,United States,easy,The largest US city sits where the Hudson River meets the Atlantic.,Esri World Cities,,-73.9052,40.7079,,,0,,
Los Angeles,United States,easy,The second-largest US city spreads across a basin on the Pacific coast.,Esri World Cities,,-118.2500,34.0000,,,0,,
Miami,United States,easy,It sits near the southern tip of the Florida peninsula.,Esri World Cities,,-80.2702,25.8321,,,0,,
Chicago,United States,easy,It sits on the southwestern shore of Lake Michigan.,Esri World Cities,,-87.6413,41.8265,,,0,,
Seattle,United States,easy,"It sits on Puget Sound, about 100 miles south of Canada.",Esri World Cities,,-122.3167,47.5886,,,0,,
Honolulu,United States,easy,Hawaii's capital is on the island of Oahu.,Esri World Cities,,-157.8620,21.3290,,,0,,
Anchorage,United States,easy,Alaska's largest city sits at the head of Cook Inlet.,Esri World Cities,,-149.8980,61.2030,,,0,,
London,United Kingdom,easy,The UK's capital sits on the River Thames.,Esri World Cities,,-0.1780,51.4879,,,0,,
Moscow,Russia,easy,Russia's capital sits on the Moskva River.,Esri World Cities,,37.7000,55.7500,,,0,,
Sydney,Australia,easy,Australia's largest city is not its capital. That's Canberra.,Esri World Cities,,151.0282,-33.8898,,,0,,
Perth,Australia,easy,"It sits on Australia's west coast, one of the most isolated big cities on Earth.",Esri World Cities,,115.8530,-31.9560,,,0,,
Tokyo,Japan,easy,"Japan's capital sits on Tokyo Bay, on the island of Honshu.",Esri World Cities,,139.8090,35.6830,,,0,,
Rio de Janeiro,Brazil,easy,"It was Brazil's capital until 1960, when the government moved to Brasília.",Esri World Cities,,-43.4552,-22.7216,,,0,,
Cairo,Egypt,easy,"Egypt's capital sits on the Nile, just south of the delta.",Esri World Cities,,31.2508,30.0779,,,0,,
Toronto,Canada,easy,Canada's largest city sits on the northwest shore of Lake Ontario.,Esri World Cities,,-79.4126,43.7208,,,0,,
Reykjavik,Iceland,easy,It is the world's northernmost national capital.,Esri World Cities,,-21.8950,64.1350,,,0,,
Cape Town,South Africa,easy,"It sits near the southwestern tip of Africa, below Table Mountain.",Esri World Cities,,18.4820,-33.9790,,,0,,
Rome,Italy,easy,"Italy's capital sits on the Tiber, about halfway down the boot.",Esri World Cities,,12.5200,41.8800,,,0,,
Paris,France,medium,France's capital sits on the Seine.,Esri World Cities,,2.3550,48.8583,,,0,,
Madrid,Spain,medium,Spain's capital sits near the center of the Iberian Peninsula.,Esri World Cities,,-3.6910,40.4422,,,0,,
Berlin,Germany,medium,"Germany's capital sits in the northeast, about 50 miles from Poland.",Esri World Cities,,13.3276,52.5163,,,1,2026-10-07T04:56:01.136366+00:00,
Lisbon,Portugal,medium,It is the westernmost capital in continental Europe.,Esri World Cities,,-9.1300,38.7300,,,0,,
Athens,Greece,medium,"Greece's capital sits on the Attica peninsula, near the Aegean Sea.",Esri World Cities,,23.6530,37.9440,,,1,2026-10-07T04:56:01.136366+00:00,
Istanbul,Turkey,medium,"It straddles the Bosporus, with neighborhoods in both Europe and Asia.",Esri World Cities,,29.0060,41.0660,,,0,,
Mumbai,India,medium,India's financial capital sits on the Arabian Sea coast.,Esri World Cities,,72.8260,19.0770,,,0,,
Beijing,China,medium,"China's capital sits in the north, about 100 miles from the sea.",Esri World Cities,,116.3880,39.9062,,,1,2026-10-07T04:56:01.136366+00:00,
Seoul,South Korea,medium,South Korea's capital sits about 30 miles from the border with North Korea.,Esri World Cities,,126.9352,37.5424,,,0,,
Bangkok,Thailand,medium,Thailand's capital sits on the Chao Phraya River near the Gulf of Thailand.,Esri World Cities,,100.5167,13.7500,,,1,2026-10-07T04:56:01.136366+00:00,
Manila,Philippines,medium,"The Philippine capital sits on Manila Bay, on the island of Luzon.",Esri World Cities,,120.9669,14.6167,,,0,,
Jakarta,Indonesia,medium,Indonesia's largest city sits on the northwest coast of Java.,Esri World Cities,,106.8000,-6.1667,,,0,,
Nairobi,Kenya,medium,Kenya's capital sits just south of the equator.,Esri World Cities,,36.8040,-1.2700,,,0,,
Johannesburg,South Africa,medium,South Africa's largest city grew up around gold mines in the 1880s.,Esri World Cities,,28.0043,-26.1790,,,0,,
Mexico City,Mexico,medium,"Mexico's capital sits on a high plateau more than 7,000 feet up.",Esri World Cities,,-99.1276,19.4270,,,0,,
Havana,Cuba,medium,"Cuba's capital is about 100 miles south of Key West, Florida.",Esri World Cities,,-82.4165,23.0490,,,0,,
Lima,Peru,medium,Peru's capital sits in a coastal desert on the Pacific.,Esri World Cities,,-77.0450,-12.0820,,,0,,
Buenos Aires,Argentina,medium,"Argentina's capital sits on the Río de la Plata, across from Uruguay.",Esri World Cities,,-58.4498,-34.6225,,,1,2026-10-07T04:56:01.136366+00:00,
Vancouver,Canada,medium,It sits on the Pacific just north of the US border.,Esri World Cities,,-122.9631,49.2743,,,0,,
Karachi,Pakistan,hard,"Pakistan's largest city sits on the Arabian Sea, west of the Indus delta.",Esri World Cities,,67.0280,24.8930,,,0,,
Lahore,Pakistan,hard,It sits about 15 miles from the border with India.,Esri World Cities,,74.3410,31.5450,,,0,,
Islamabad,Pakistan,hard,"Pakistan built its capital in the 1960s, next to the older city of Rawalpindi.",Esri World Cities,,73.0605,33.7182,,,1,2026-10-07T04:56:14.149754+00:00,
Kolkata,India,hard,"It sits on the Hooghly River, less than 50 miles from Bangladesh.",Esri World Cities,,88.3340,22.5440,,,0,,
Dhaka,Bangladesh,hard,Bangladesh is almost surrounded by India. Its capital sits near the center.,Esri World Cities,,90.4071,23.7099,,,1,2026-10-07T04:56:14.149754+00:00,
Kathmandu,Nepal,hard,Nepal's capital sits in a Himalayan valley between India and China.,Esri World Cities,,85.3130,27.7120,,,0,,
Ulaanbaatar,Mongolia,hard,Mongolia's capital is often called the coldest national capital.,Esri World Cities,,106.9120,47.9290,,,0,,
Kabul,Afghanistan,hard,"Afghanistan's capital sits in a valley nearly 5,900 feet up.",Esri World Cities,,69.1368,34.5309,,,0,,
Hanoi,Vietnam,hard,Vietnam's capital sits in the Red River Delta in the north.,Esri World Cities,,105.8200,21.0300,,,1,2026-10-07T04:56:14.149754+00:00,
Phnom Penh,Cambodia,hard,Cambodia's capital sits where the Tonlé Sap River meets the Mekong.,Esri World Cities,,104.9132,11.5647,,,0,,
Minsk,Belarus,hard,Belarus sits between Poland and Russia. Its capital is near the center.,Esri World Cities,,27.5756,53.8999,,,0,,
Bratislava,Slovakia,hard,Slovakia's capital borders both Austria and Hungary.,Esri World Cities,,17.1300,48.1500,,,1,2026-10-07T04:56:14.149754+00:00,
Beirut,Lebanon,hard,Lebanon's capital sits on a headland on the Mediterranean.,Esri World Cities,,35.5000,33.8833,,,1,2026-10-07T04:56:14.149754+00:00,
Amman,Jordan,hard,Jordan's capital sits on hills east of the Jordan River.,Esri World Cities,,35.9329,31.9494,,,1,2026-10-07T04:54:25.096994+00:00,
Addis Ababa,Ethiopia,hard,"Ethiopia's capital sits in the highlands, about 7,700 feet up.",Esri World Cities,,38.7000,9.0300,,,1,2026-10-07T04:54:25.096994+00:00,
Kinshasa,Democratic Republic of the Congo,hard,The DR Congo capital faces Brazzaville across the Congo River.,Esri World Cities,,15.2990,-4.3210,,,0,,
Quito,Ecuador,hard,Ecuador's capital sits less than 20 miles south of the equator.,Esri World Cities,,-78.5243,-0.2295,,,0,,
La Paz,Bolivia,hard,"Bolivia's seat of government sits nearly 12,000 feet up, the highest of any capital.",Esri World Cities,,-68.1462,-16.4990,,,0,,
Asunción,Paraguay,hard,"Paraguay's capital sits on the Paraguay River, across from Argentina.",Esri World Cities,,-57.6220,-25.3050,Asuncion,,1,2026-10-07T04:54:25.096994+00:00,
Montevideo,Uruguay,hard,Uruguay's capital sits across the Río de la Plata from Buenos Aires.,Esri World Cities,,-56.1700,-34.9200,,,0,,
Thimphu,Bhutan,expert,Bhutan's capital is known for having no traffic lights.,Esri World Cities,,89.6670,27.4430,,,0,,
Tashkent,Uzbekistan,expert,Uzbekistan's capital is the largest city in Central Asia.,Esri World Cities,,69.3499,41.2479,,,0,,
Bishkek,Kyrgyzstan,expert,Kyrgyzstan's capital sits near the border with Kazakhstan.,Esri World Cities,,74.7700,42.8800,,,1,2026-10-07T04:56:39.734116+00:00,
Dushanbe,Tajikistan,expert,"The name means Monday in Tajik, after a weekly market held there.",Esri World Cities,,68.9000,38.6300,,,0,,
Ashgabat,Turkmenistan,expert,Turkmenistan's capital holds a Guinness record for white marble buildings.,Esri World Cities,,58.3901,37.9504,,,1,2026-10-07T04:56:39.734116+00:00,
Astana,Kazakhstan,expert,Kazakhstan moved its capital here from Almaty in 1997.,Esri World Cities,,71.4320,51.1890,,,1,2026-10-07T04:56:39.734116+00:00,
Vientiane,Laos,expert,"Laos' capital sits on the Mekong, across from Thailand.",Esri World Cities,,102.6802,18.0017,,,0,,
Baku,Azerbaijan,expert,"Azerbaijan's capital sits on the Caspian Sea, below sea level.",Esri World Cities,,49.8160,40.3240,,,1,2026-10-07T04:56:39.734116+00:00,
Tbilisi,Georgia,expert,Georgia's capital sits on the Kura River in the Caucasus.,Esri World Cities,,44.7831,41.7218,T'Bilisi,,0,,
Yerevan,Armenia,expert,"Mount Ararat, across the border in Turkey, looms over Armenia's capital.",Esri World Cities,,44.5327,40.2080,,,0,,
Chisinau,Moldova,expert,Moldova's capital sits between Romania and Ukraine.,Esri World Cities,,28.8300,47.0000,,,0,,
Ouagadougou,Burkina Faso,expert,"Burkina Faso's capital hosts FESPACO, Africa's largest film festival.",Esri World Cities,,-1.6700,12.4800,,,0,,
Bamako,Mali,expert,Mali's capital sits on the Niger River.,Esri World Cities,,-7.9865,12.6530,,,1,2026-10-07T04:56:39.734116+00:00,
Niamey,Niger,expert,Niger's capital sits on the Niger River.,Esri World Cities,,2.1200,13.5140,,,0,,
N'Djamena,Chad,expert,"Chad's capital sits on the border with Cameroon, where two rivers meet.",Esri World Cities,,15.2408,12.1041,Ndjamena,,0,,
Kigali,Rwanda,expert,Rwanda's capital sits near the center of the country.,Esri World Cities,,30.0590,-1.9500,,,0,,
Bujumbura,Burundi,expert,Burundi's largest city sits on Lake Tanganyika. The capital moved to Gitega in 2019.,Esri World Cities,,29.3560,-3.3720,,,0,,Not the capital since 2019; the fact says so.
Brazzaville,Republic of the Congo,expert,The Republic of the Congo's capital faces Kinshasa across the Congo River.,Esri World Cities,,15.2851,-4.2852,,,0,,
Lilongwe,Malawi,expert,"Malawi's capital since 1975, replacing Zomba.",Esri World Cities,,33.7740,-13.9830,,,0,,
Maseru,Lesotho,expert,"Lesotho's capital sits on the border with South Africa, which surrounds the country.",Esri World Cities,,27.4920,-29.3080,,,0,,
